Transcription factor,Promoter,GENE NAME,Reg_ATP,Tar_ATP,Pearsonr
AT1G36060,AT2G37090,IRX9,3.0,5.0,-0.873571645476
AT2G23340,AT2G37090,IRX9,3.0,5.0,-0.795499901417
AT4G37260,AT2G37090,IRX9,6.0,5.0,-0.894525296427
AT3G15210,AT2G37090,IRX9,1.0,5.0,0.697742227464
AT3G04060,AT2G37090,IRX9,6.0,5.0,-0.53708433636
AT3G02940,AT2G37090,IRX9,5.0,5.0,0.316848037892
AT3G11580,AT2G37090,IRX9,6.0,5.0,0.582789456708
AT1G06180,AT2G37090,IRX9,4.0,5.0,0.303519744354
AT1G56650,AT2G37090,IRX9,5.0,5.0,-0.936299280898
