Transcription factor,Promoter,GENE NAME,Reg_ATP,Tar_ATP,Pearsonr
AT5G12870,AT4G18780,"ATCESA8,CESA8,IRX1,LEW2",5.0,6.0,0.6496394566
AT4G37260,AT4G18780,"ATCESA8,CESA8,IRX1,LEW2",6.0,6.0,-0.935341890075
AT5G39610,AT4G18780,"ATCESA8,CESA8,IRX1,LEW2",3.0,6.0,-0.751666168073
AT5G47220,AT4G18780,"ATCESA8,CESA8,IRX1,LEW2",3.0,6.0,-0.0279508070798
AT5G53950,AT4G18780,"ATCESA8,CESA8,IRX1,LEW2",6.0,6.0,-0.981845115211
AT1G79840,AT4G18780,"ATCESA8,CESA8,IRX1,LEW2",4.0,6.0,-0.884304435479
AT5G13330,AT4G18780,"ATCESA8,CESA8,IRX1,LEW2",6.0,6.0,-0.711017868874
AT5G25890,AT4G18780,"ATCESA8,CESA8,IRX1,LEW2",5.0,6.0,-0.912526905306
AT1G56650,AT4G18780,"ATCESA8,CESA8,IRX1,LEW2",5.0,6.0,-0.964749643838
