Transcription factor,Promoter,GENE NAME,Reg_ATP,Tar_ATP,Pearsonr
AT5G53950,AT5G44030,"CESA4,IRX5,NWS2",6.0,6.0,-0.980181621076
AT5G47220,AT5G44030,"CESA4,IRX5,NWS2",3.0,6.0,-0.0360134017238
AT5G39610,AT5G44030,"CESA4,IRX5,NWS2",3.0,6.0,-0.755136771293
AT5G12870,AT5G44030,"CESA4,IRX5,NWS2",5.0,6.0,0.656429217282
AT4G37260,AT5G44030,"CESA4,IRX5,NWS2",6.0,6.0,-0.933239219425
AT1G75490,AT5G44030,"CESA4,IRX5,NWS2",6.0,6.0,-0.95362958026
AT1G56650,AT5G44030,"CESA4,IRX5,NWS2",5.0,6.0,-0.960493760681
