id,t0,t1,t2,t3,t4,t5,t6
AT2G28110,3.59944872543,3.53343045135,3.31784912503,3.26454643926,3.2078251912,3.58166458048,4.3422702744
AT3G18660,1.51148490688,1.82239025042,1.15760428988,1.00996816909,1.48631964778,1.223443145,0.378363646947
AT4G18780,2.82000872287,2.68994021589,2.40766092828,2.45366682338,2.66964665848,2.22427699842,1.68496830938
AT5G17420,3.03734707675,3.12820540229,2.75646114043,2.68488604679,2.92947541311,2.53058684965,2.04179200852
AT5G44030,2.48199635114,2.25250649073,1.98071996708,2.09039051975,2.25693013088,1.87570143994,1.40324954081
