id,t0,t1,t2,t3,t4,t5,t6
AT2G22420,3.3141406064,3.20377018545,3.37848850295,3.10423600316,2.67606426106,2.79428415485,2.73564492391
