id,t0,t1,t2,t3,t4,t5,t6
AT2G37090,1.83411789148,1.71759052133,1.32939153467,1.41783001654,1.84330051189,1.15307029296,0.509982916857
