id,t0,t1,t2,t3,t4,t5,t6
AT5G15630,2.54966917073,2.5269785581,1.97947664268,1.92766894117,2.19022503233,1.70070603726,1.23219001353
