id,t0,t1,t2,t3,t4,t5,t6
AT3G10040,0.693498108722,-0.0512496581756,-0.401698322937,0.995665409736,1.64337905973,1.22634411075,1.08317932195
AT3G15210,5.34246348378,4.729007057,4.73314280215,4.80533889353,4.82494940885,4.71111674618,4.65968485023
AT5G23280,4.6155889332,3.91202066413,3.27760295274,3.39804475956,3.49371137264,3.75583829885,3.86086681357
