Transcription factor,Promoter,GENE NAME,Reg_ATP,Tar_ATP,Pearsonr
AT1G36060,AT2G37090,IRX9,3.0,5.0,-0.755373679841
AT2G23340,AT2G37090,IRX9,3.0,5.0,-0.453112486548
AT4G37260,AT2G37090,IRX9,6.0,5.0,-0.7439505699
AT3G15210,AT2G37090,IRX9,1.0,5.0,0.58081595231
AT3G04060,AT2G37090,IRX9,6.0,5.0,-0.629357791252
AT3G02940,AT2G37090,IRX9,5.0,5.0,0.572841801638
AT3G11580,AT2G37090,IRX9,6.0,5.0,0.511582405096
AT1G06180,AT2G37090,IRX9,4.0,5.0,0.523220189031
AT1G56650,AT2G37090,IRX9,5.0,5.0,-0.805199965356
