Transcription factor,Promoter,GENE NAME,Reg_ATP,Tar_ATP,Pearsonr
AT5G12870,AT4G18780,"ATCESA8,CESA8,IRX1,LEW2",5.0,6.0,0.745241458999
AT4G37260,AT4G18780,"ATCESA8,CESA8,IRX1,LEW2",6.0,6.0,-0.815504342004
AT5G39610,AT4G18780,"ATCESA8,CESA8,IRX1,LEW2",3.0,6.0,-0.754950663282
AT5G47220,AT4G18780,"ATCESA8,CESA8,IRX1,LEW2",3.0,6.0,-0.503615719867
AT5G53950,AT4G18780,"ATCESA8,CESA8,IRX1,LEW2",6.0,6.0,-0.955950240909
AT1G79840,AT4G18780,"ATCESA8,CESA8,IRX1,LEW2",4.0,6.0,-0.284529523092
AT5G13330,AT4G18780,"ATCESA8,CESA8,IRX1,LEW2",6.0,6.0,-0.70213106728
AT5G25890,AT4G18780,"ATCESA8,CESA8,IRX1,LEW2",5.0,6.0,-0.82659899325
AT1G56650,AT4G18780,"ATCESA8,CESA8,IRX1,LEW2",5.0,6.0,-0.864632010936
