Transcription factor,Promoter,GENE NAME,Reg_ATP,Tar_ATP,Pearsonr
AT5G53950,AT5G44030,"CESA4,IRX5,NWS2",6.0,6.0,-0.925761273237
AT5G47220,AT5G44030,"CESA4,IRX5,NWS2",3.0,6.0,-0.491887491623
AT5G39610,AT5G44030,"CESA4,IRX5,NWS2",3.0,6.0,-0.726072711827
AT5G12870,AT5G44030,"CESA4,IRX5,NWS2",5.0,6.0,0.74259933081
AT4G37260,AT5G44030,"CESA4,IRX5,NWS2",6.0,6.0,-0.768821761724
AT1G75490,AT5G44030,"CESA4,IRX5,NWS2",6.0,6.0,-0.947595580948
AT1G56650,AT5G44030,"CESA4,IRX5,NWS2",5.0,6.0,-0.816790649592
